{
    "categoryCount": 10,
    "failure": {
        "failure_0": {
            "actual": 0,
            "output": [
                11.922582626342773,
                -4.8164191246032715,
                -7.58364200592041,
                -18.59184455871582,
                -4.163372039794922,
                -4.042673587799072,
                13.877888679504395,
                -4.977348804473877,
                -11.849264144897461,
                -12.792372703552246
            ],
            "predicted": 6
        },
        "failure_1": {
            "actual": 1,
            "output": [
                -16.60199546813965,
                3.398632049560547,
                0.5556811094284058,
                -7.53402853012085,
                -9.212207794189453,
                -17.000219345092773,
                -7.0825324058532715,
                -3.9598326683044434,
                7.627099990844727,
                -8.994882583618164
            ],
            "predicted": 8
        },
        "failure_2": {
            "actual": 2,
            "output": [
                -9.606542587280273,
                -5.132455348968506,
                7.704135417938232,
                3.222055196762085,
                -21.275197982788086,
                -14.789990425109863,
                -23.536317825317383,
                11.25857162475586,
                1.2293674945831299,
                -7.470203876495361
            ],
            "predicted": 7
        },
        "failure_3": {
            "actual": 3,
            "output": [
                -17.788387298583984,
                -4.194375514984131,
                -4.0696892738342285,
                10.642026901245117,
                -19.259614944458008,
                -16.199670791625977,
                -30.87101936340332,
                15.589337348937988,
                -12.335159301757812,
                -0.8471522331237793
            ],
            "predicted": 7
        },
        "failure_4": {
            "actual": 4,
            "output": [
                -10.752079963684082,
                -7.3176116943359375,
                -8.872458457946777,
                -10.909868240356445,
                4.9960618019104,
                -6.532574653625488,
                -3.174623966217041,
                -8.110512733459473,
                -8.339186668395996,
                11.160554885864258
            ],
            "predicted": 9
        },
        "failure_5": {
            "actual": 5,
            "output": [
                -20.228546142578125,
                -5.44969367980957,
                -12.739517211914062,
                15.235661506652832,
                -18.55864906311035,
                10.020392417907715,
                -12.0692777633667,
                -13.823156356811523,
                -5.929051876068115,
                -7.815299034118652
            ],
            "predicted": 3
        },
        "failure_6": {
            "actual": 6,
            "output": [
                15.847352027893066,
                -10.669168472290039,
                -8.30150318145752,
                -12.32562255859375,
                -15.78758716583252,
                1.7547849416732788,
                4.625726699829102,
                -3.959794521331787,
                -10.79238224029541,
                -6.519360065460205
            ],
            "predicted": 0
        },
        "failure_7": {
            "actual": 7,
            "output": [
                -20.496301651000977,
                -1.6111782789230347,
                9.371650695800781,
                5.487355709075928,
                -11.445770263671875,
                -12.042290687561035,
                -18.793720245361328,
                5.392581939697266,
                -3.838789224624634,
                -3.121950387954712
            ],
            "predicted": 2
        },
        "failure_8": {
            "actual": 8,
            "output": [
                -1.2420837879180908,
                -12.15954875946045,
                4.226625442504883,
                -4.67612361907959,
                -10.411450386047363,
                -15.935564041137695,
                -7.952260494232178,
                -11.855094909667969,
                1.27963125705719,
                -7.023273944854736
            ],
            "predicted": 2
        },
        "failure_9": {
            "actual": 9,
            "output": [
                0.9314063191413879,
                -19.709760665893555,
                -0.09037050604820251,
                -1.3621056079864502,
                -19.977285385131836,
                -4.277221202850342,
                -15.676192283630371,
                -14.78192138671875,
                9.771550178527832,
                7.515134334564209
            ],
            "predicted": 8
        }
    },
    "layers": [
        {
            "name": "input",
            "nodeCount": 784,
            "type": "Input"
        },
        {
            "name": "h1",
            "nodeCount": 1000,
            "transition": "Sigmoid",
            "type": "FullyConnected"
        },
        {
            "name": "h2",
            "nodeCount": 1000,
            "transition": "Sigmoid",
            "type": "FullyConnected"
        },
        {
            "name": "output",
            "nodeCount": 10,
            "type": "FullyConnected"
        }
    ],
    "success": {
        "success_0": {
            "actual": 0,
            "output": [
                16.63789176940918,
                -8.825664520263672,
                -4.080763816833496,
                -12.518253326416016,
                -10.601078033447266,
                -8.583210945129395,
                -2.346329927444458,
                -5.551455497741699,
                -12.312210083007812,
                -3.3351361751556396
            ],
            "predicted": 0
        },
        "success_1": {
            "actual": 1,
            "output": [
                -13.937263488769531,
                15.784214973449707,
                1.0030773878097534,
                -7.647751808166504,
                -5.346904754638672,
                -7.670330047607422,
                -6.3079729080200195,
                1.2810378074645996,
                -3.7472901344299316,
                -10.619760513305664
            ],
            "predicted": 1
        },
        "success_2": {
            "actual": 2,
            "output": [
                -2.7157185077667236,
                0.8188187479972839,
                21.770517349243164,
                -2.7536096572875977,
                -19.362316131591797,
                -12.085451126098633,
                -10.408587455749512,
                -8.430856704711914,
                -4.220602512359619,
                -21.230195999145508
            ],
            "predicted": 2
        },
        "success_3": {
            "actual": 3,
            "output": [
                -14.844128608703613,
                -9.954322814941406,
                -1.051619052886963,
                12.532149314880371,
                -12.276877403259277,
                -5.442161560058594,
                -19.599079132080078,
                -9.00484848022461,
                2.2611069679260254,
                -6.633071422576904
            ],
            "predicted": 3
        },
        "success_4": {
            "actual": 4,
            "output": [
                -13.868631362915039,
                -7.401208877563477,
                -5.011648178100586,
                -15.7903413772583,
                19.334632873535156,
                -12.907506942749023,
                -12.111270904541016,
                1.9265291690826416,
                -11.967055320739746,
                2.4434964656829834
            ],
            "predicted": 4
        },
        "success_5": {
            "actual": 5,