{
    "categoryCount": 10,
    "failure": {
        "failure_0": {
            "actual": 0,
            "output": [
                1.5061715841293335,
                2.2196574211120605,
                -1.9237630367279053,
                -1.4683833122253418,
                -0.9991599321365356,
                -3.2151412963867188,
                -4.735147953033447,
                -0.3732631504535675,
                0.1741846203804016,
                -0.5506845116615295
            ],
            "predicted": 1
        },
        "failure_1": {
            "actual": 1,
            "output": [
                -0.24582937359809875,
                0.0841953456401825,
                -2.4431769847869873,
                2.0066826343536377,
                -3.174030065536499,
                0.415370911359787,
                -2.744262456893921,
                -1.2121278047561646,
                -1.1434054374694824,
                -1.100807547569275
            ],
            "predicted": 3
        },
        "failure_2": {
            "actual": 2,
            "output": [
                -2.6748836040496826,
                -1.9974985122680664,
                0.32152462005615234,
                0.4148429036140442,
                0.466423898935318,
                1.7980626821517944,
                0.18585722148418427,
                -1.4216583967208862,
                -3.7263083457946777,
                0.3469008803367615
            ],
            "predicted": 5
        },
        "failure_3": {
            "actual": 3,
            "output": [
                -1.8683924674987793,
                -3.9827377796173096,
                1.929839849472046,
                1.5063176155090332,
                -0.6805005669593811,
                2.8447515964508057,
                -1.6027857065200806,
                0.5047207474708557,
                -3.39193058013916,
                -4.26162576675415
            ],
            "predicted": 5
        },
        "failure_4": {
            "actual": 4,
            "output": [
                4.535604000091553,
                -2.3951454162597656,
                1.1427007913589478,
                -0.39909523725509644,
                2.0977416038513184,
                -3.2657814025878906,
                -1.3610337972640991,
                -1.913696527481079,
                -1.2354847192764282,
                -4.7218475341796875
            ],
            "predicted": 0
        },
        "failure_5": {
            "actual": 5,
            "output": [
                -0.2684042751789093,
                -2.2514150142669678,
                -0.405475378036499,
                -1.493052363395691,
                -0.21009057760238647,
                -0.8070145845413208,
                -2.889901638031006,
                3.8838131427764893,
                -2.365854263305664,
                0.07763149589300156
            ],
            "predicted": 7
        },
        "failure_6": {
            "actual": 6,
            "output": [
                -3.0422329902648926,
                -1.524892807006836,
                0.2936183214187622,
                1.9799895286560059,
                -0.9015099406242371,
                1.1647478342056274,
                1.2703694105148315,
                -0.40224888920783997,
                -4.678849220275879,
                -2.9897172451019287
            ],
            "predicted": 3
        },
        "failure_7": {
            "actual": 7,
            "output": [
                0.45982715487480164,
                -3.8153512477874756,
                -1.3743619918823242,
                0.17232884466648102,
                -1.9082396030426025,
                -1.3717445135116577,
                1.178608775138855,
                1.0924652814865112,
                -0.9349562525749207,
                -1.4627935886383057
            ],
            "predicted": 6
        },
        "failure_8": {
            "actual": 8,
            "output": [
                1.934028148651123,
                2.3033905029296875,
                -3.917571783065796,
                -2.3855059146881104,
                -1.0773879289627075,
                -2.833019733428955,
                -0.8837012052536011,
                -0.805194616317749,
                2.5204050540924072,
                3.04801607131958
            ],
            "predicted": 9
        },
        "failure_9": {
            "actual": 9,
            "output": [
                -0.7481461763381958,
                4.174396514892578,
                -1.5002518892288208,
                -2.083237409591675,
                -4.603782653808594,
                -2.8605823516845703,
                -0.8969308137893677,
                -2.804969072341919,
                0.11372511833906174,
                4.1582746505737305
            ],
            "predicted": 1
        }
    },
    "layers": [
        {
            "channels": 3,
            "height": 32,
            "name": "input",
            "type": "Input2D",
            "width": 32
        },
        {
            "height": 32,
            "name": "c1",
            "nodeCount": 6,
            "size": 5,
            "type": "Convolutional",
            "width": 32
        },
        {
            "height": 28,
            "name": "s2",
            "nodeCount": 6,
            "size": 2,
            "stride": 2,
            "transition": "Sigmoid",
            "type": "Convolutional",
            "width": 28
        },
        {
            "height": 14,
            "name": "c3",
            "nodeCount": 6,
            "size": 5,
            "type": "Convolutional",
            "width": 14
        },
        {
            "height": 10,
            "name": "s4",
            "nodeCount": 6,
            "size": 2,
            "stride": 2,
            "transition": "Sigmoid",
            "type": "Convolutional",
            "width": 10
        },
        {
            "name": "fc5",
            "nodeCount": 120,
            "type": "FullyConnected"
        },
        {
            "name": "fc6",
            "nodeCount": 84,
            "transition": "Sigmoid",
            "type": "FullyConnected"
        },
        {
            "name": "fc7",
            "nodeCount": 10,
            "type": "FullyConnected"
        }
    ],
    "success": {
        "success_0": {
            "actual": 0,
            "output": [
                2.7739334106445312,
                -3.3712925910949707,
                0.9677003026008606,
                -1.260783076286316,
                0.710411012172699,
                -1.2797120809555054,
                -1.4503144025802612,
                -2.399970054626465,
                0.4458882510662079,
                -4.118971824645996
            ],
            "predicted": 0
        },
        "success_1": {
            "actual": 1,
            "output": [
                -1.3649413585662842,
                3.343677520751953,
                -0.8479431867599487,
                -1.354830265045166,
                -3.041487693786621,
                -1.9031381607055664,
                0.510590672492981,
                -4.007199287414551,
                -0.6580514907836914,
                2.1354691982269287
            ],
            "predicted": 1
        },
        "success_2": {
            "actual": 2,
            "output": [
                -3.5096118450164795,
                -3.487920045852661,
                2.86346697807312,
                0.5028642416000366,
                2.722238063812256,
                0.3323903977870941,
                -0.041147127747535706,
                -0.6074912548065186,
                -3.8134655952453613,
                -4.149625301361084
            ],
            "predicted": 2
        },
        "success_3": {
            "actual": 3,