{
    "categoryCount": 10,
    "failure": {
        "failure_0": {
            "actual": 0,
            "output": [
                5.3901166915893555,
                -7.269928932189941,
                5.992597579956055,
                0.844354510307312,
                0.9939424991607666,
                -0.599001407623291,
                -0.9814609289169312,
                -4.1000542640686035,
                -1.9836374521255493,
                -4.009902477264404
            ],
            "predicted": 2
        },
        "failure_1": {
            "actual": 1,
            "output": [
                4.578636169433594,
                16.90134048461914,
                -7.981790065765381,
                -9.58760929107666,
                -8.688158988952637,
                -8.400946617126465,
                -8.291975975036621,
                -4.141577243804932,
                3.536499500274658,
                19.986480712890625
            ],
            "predicted": 9
        },
        "failure_2": {
            "actual": 2,
            "output": [
                -3.855499744415283,
                3.048793077468872,
                0.582229495048523,
                2.960151433944702,
                -4.5097432136535645,
                -4.161525726318359,
                -0.04009735584259033,
                -3.4569387435913086,
                2.6790881156921387,
                4.279265880584717
            ],
            "predicted": 9
        },
        "failure_3": {
            "actual": 3,
            "output": [
                -8.151906967163086,
                -5.959575176239014,
                2.0351123809814453,
                5.647538185119629,
                4.246334552764893,
                1.510587453842163,
                6.116000175476074,
                -1.5996677875518799,
                -1.664918303489685,
                -1.3903769254684448
            ],
            "predicted": 6
        },
        "failure_4": {
            "actual": 4,
            "output": [
                -0.8801565766334534,
                -5.903650760650635,
                3.8889553546905518,
                1.3583121299743652,
                2.9776527881622314,
                -0.5524210929870605,
                1.7348604202270508,
                2.885934591293335,
                -1.1781843900680542,
                -4.946291446685791
            ],
            "predicted": 2
        },
        "failure_5": {
            "actual": 5,
            "output": [
                -2.8951175212860107,
                -7.77881383895874,
                4.193789482116699,
                2.4880197048187256,
                11.254280090332031,
                5.248430252075195,
                -1.430044412612915,
                2.0693016052246094,
                -5.685466766357422,
                -6.63621711730957
            ],
            "predicted": 4
        },
        "failure_6": {
            "actual": 6,
            "output": [
                -4.970120429992676,
                -6.4148406982421875,
                6.930070877075195,
                2.66855788230896,
                11.222515106201172,
                -4.659914493560791,
                11.161386489868164,
                -11.335285186767578,
                -3.1191859245300293,
                -5.39006233215332
            ],
            "predicted": 4
        },
        "failure_7": {
            "actual": 7,
            "output": [
                -1.8194659948349,
                -3.5143964290618896,
                -1.1851098537445068,
                4.326141834259033,
                0.45328760147094727,
                6.399322032928467,
                -0.2265263944864273,
                0.42294999957084656,
                -3.2867274284362793,
                -0.3613978326320648
            ],
            "predicted": 5
        },
        "failure_8": {
            "actual": 8,
            "output": [
                6.427668571472168,
                -2.160498857498169,
                2.317929267883301,
                -3.285296678543091,
                -1.2197202444076538,
                -5.341949939727783,
                -2.9744272232055664,
                -1.2446619272232056,
                4.178080081939697,
                -1.164928674697876
            ],
            "predicted": 0
        },
        "failure_9": {
            "actual": 9,
            "output": [
                7.662751197814941,
                -3.6314802169799805,
                6.868408679962158,
                -6.6583476066589355,
                -1.853928565979004,
                -8.003808975219727,
                -11.438000679016113,
                8.349735260009766,
                -4.789576530456543,
                5.0887322425842285
            ],
            "predicted": 7
        }
    },
    "layers": [
        {
            "channels": 3,
            "height": 32,
            "name": "input",
            "type": "Input2D",
            "width": 32
        },
        {
            "height": 32,
            "name": "c1",
            "nodeCount": 32,
            "padding": 2,
            "size": 5,
            "type": "Convolutional",
            "width": 32
        },
        {
            "channels": 32,
            "height": 32,
            "name": "p2",
            "op": "max",
            "padding": 1,
            "size": 3,
            "stride": 2,
            "transition": "ReLU",
            "type": "Pooling",
            "width": 32
        },
        {
            "height": 16,
            "name": "c3",
            "nodeCount": 32,
            "padding": 2,
            "size": 5,
            "transition": "ReLU",
            "type": "Convolutional",
            "width": 16
        },
        {
            "channels": 32,
            "height": 16,
            "name": "p4",
            "op": "ave",
            "padding": 1,
            "size": 3,
            "stride": 2,
            "type": "Pooling",
            "width": 16
        },
        {
            "height": 8,
            "name": "c5",
            "nodeCount": 64,
            "padding": 2,
            "size": 5,
            "transition": "ReLU",
            "type": "Convolutional",
            "width": 8
        },
        {
            "channels": 64,
            "height": 8,
            "name": "p6",
            "op": "ave",
            "padding": 1,
            "size": 3,
            "stride": 2,
            "type": "Pooling",
            "width": 8
        },
        {
            "name": "f7",
            "nodeCount": 64,
            "type": "FullyConnected"
        },
        {
            "name": "f8",
            "nodeCount": 10,
            "type": "FullyConnected"
        }
    ],
    "success": {
        "success_0": {
            "actual": 0,
            "output": [
                9.05673599243164,
                -0.23609526455402374,
                4.869271755218506,
                0.3718990087509155,
                -0.760437548160553,
                -8.715862274169922,
                -11.11414909362793,
                -3.575779438018799,
                3.324911594390869,
                -0.5036085247993469
            ],
            "predicted": 0
        },
        "success_1": {
            "actual": 1,
            "output": [
                -2.785727024078369,
                9.531107902526855,
                -4.126622676849365,
                3.0900497436523438,
                -6.019338130950928,
                1.993916630744934,
                -1.4670519828796387,
                0.8717554211616516,
                -7.821698188781738,
                6.154048442840576
            ],
            "predicted": 1
        },
        "success_2": {
            "actual": 2,