{
    "categoryCount": 10,
    "failure": {
        "failure_0": {
            "actual": 0,
            "output": [
                7.448019027709961,
                -3.056539297103882,
                9.855219841003418,
                1.5794252157211304,
                -0.5578359365463257,
                -8.122920989990234,
                -7.682801246643066,
                2.9845077991485596,
                -1.117493987083435,
                -1.7993441820144653
            ],
            "predicted": 2
        },
        "failure_1": {
            "actual": 1,
            "output": [
                -7.531372547149658,
                3.9378983974456787,
                3.4540858268737793,
                -0.6074861288070679,
                -4.0340046882629395,
                -5.600325107574463,
                -5.211923599243164,
                1.951279640197754,
                7.1975178718566895,
                -1.7749377489089966
            ],
            "predicted": 8
        },
        "failure_2": {
            "actual": 2,
            "output": [
                -5.308472156524658,
                4.203071117401123,
                3.169804811477661,
                5.667255401611328,
                -5.745361804962158,
                -6.219983100891113,
                -14.641809463500977,
                10.258306503295898,
                4.565376281738281,
                1.3597052097320557
            ],
            "predicted": 7
        },
        "failure_3": {
            "actual": 3,
            "output": [
                -6.628266334533691,
                -4.303814888000488,
                -6.15866231918335,
                7.72321081161499,
                -6.730489730834961,
                11.642765045166016,
                -4.847476482391357,
                -0.14689427614212036,
                1.5035467147827148,
                0.04932039603590965
            ],
            "predicted": 5
        },
        "failure_4": {
            "actual": 4,
            "output": [
                -3.5137646198272705,
                2.244872570037842,
                5.138839244842529,
                -3.63828182220459,
                2.7349674701690674,
                -4.895142078399658,
                7.611007213592529,
                -6.026584625244141,
                -0.6453603506088257,
                -0.18608170747756958
            ],
            "predicted": 6
        },
        "failure_5": {
            "actual": 5,
            "output": [
                -4.2447710037231445,
                3.160090923309326,
                0.678188681602478,
                8.039937973022461,
                -7.694483280181885,
                6.132150650024414,
                -2.890605926513672,
                -3.923929452896118,
                -3.0921809673309326,
                0.27894848585128784
            ],
            "predicted": 3
        },
        "failure_6": {
            "actual": 6,
            "output": [
                -2.1457042694091797,
                -4.346532821655273,
                -1.8324528932571411,
                -0.29337579011917114,
                -3.5945231914520264,
                9.546274185180664,
                3.5020205974578857,
                -0.495914489030838,
                -1.475320816040039,
                1.04241144657135
            ],
            "predicted": 5
        },
        "failure_7": {
            "actual": 7,
            "output": [
                -12.33748722076416,
                5.475194454193115,
                2.850379467010498,
                6.2461256980896,
                -1.0066617727279663,
                -1.010586142539978,
                -8.38661003112793,
                5.209988594055176,
                -5.349339485168457,
                0.17887276411056519
            ],
            "predicted": 3
        },
        "failure_8": {
            "actual": 8,
            "output": [
                0.19334426522254944,
                0.05569998919963837,
                10.636046409606934,
                4.8798136711120605,
                -7.751684188842773,
                -6.467336177825928,
                -5.4084272384643555,
                -3.894778251647949,
                9.669187545776367,
                -3.399472236633301
            ],
            "predicted": 2
        },
        "failure_9": {
            "actual": 9,
            "output": [
                -7.309754371643066,
                -2.3054745197296143,
                -6.860994815826416,
                -3.4583699703216553,
                8.555418014526367,
                -3.2849156856536865,
                -6.368797302246094,
                0.3963207006454468,
                2.9842283725738525,
                8.525084495544434
            ],
            "predicted": 4
        }
    },
    "layers": [
        {
            "channels": 1,
            "height": 32,
            "name": "input",
            "type": "Input2D",
            "width": 32
        },
        {
            "height": 32,
            "name": "c1",
            "nodeCount": 6,
            "size": 5,
            "type": "Convolutional",
            "width": 32
        },
        {
            "height": 28,
            "name": "s2",
            "nodeCount": 6,
            "size": 2,
            "stride": 2,
            "transition": "Sigmoid",
            "type": "Convolutional",
            "width": 28
        },
        {
            "height": 14,
            "name": "c3",
            "nodeCount": 6,
            "size": 5,
            "type": "Convolutional",
            "width": 14
        },
        {
            "height": 10,
            "name": "s4",
            "nodeCount": 6,
            "size": 2,
            "stride": 2,
            "transition": "Sigmoid",
            "type": "Convolutional",
            "width": 10
        },
        {
            "name": "fc5",
            "nodeCount": 120,
            "type": "FullyConnected"
        },
        {
            "name": "fc6",
            "nodeCount": 84,
            "transition": "Sigmoid",
            "type": "FullyConnected"
        },
        {
            "name": "fc7",
            "nodeCount": 10,
            "type": "FullyConnected"
        }
    ],
    "success": {
        "success_0": {
            "actual": 0,
            "output": [
                13.549127578735352,
                -11.850141525268555,
                1.9224926233291626,
                -0.8067976236343384,
                -3.202073335647583,
                -1.9905788898468018,
                3.262702465057373,
                -3.093604564666748,
                -0.16198547184467316,
                4.786345958709717
            ],
            "predicted": 0
        },
        "success_1": {
            "actual": 1,
            "output": [
                -3.9130120277404785,
                15.086036682128906,
                -1.6722928285598755,
                -3.157815456390381,
                -0.5676655173301697,
                -3.6294376850128174,
                -3.2698700428009033,
                -1.7226730585098267,
                4.580040454864502,
                -2.3318943977355957
            ],
            "predicted": 1
        },
        "success_2": {
            "actual": 2,
            "output": [
                2.788547992706299,
                1.4620503187179565,
                15.89796257019043,
                1.724940538406372,
                -5.984899997711182,
                -1.9004480838775635,
                -1.4123585224151611,
                -3.311274766921997,
                2.37599778175354,
                -6.660015106201172
            ],
            "predicted": 2
        },
        "success_3": {
            "actual": 3,